kind,day,position_id,symbol,side,open_time,close_time,volume,closed_volume,avg_entry,avg_exit,closed_pnl,commission,swap,deal_count,magic_values,comments,tickets
NON_MARKET,2026-06-24,17310834,,2,2026-06-24 13:29:46,2026-06-24 13:29:46,0.0,0.0,,,0.0,0.0,0.0,1,0,Tra(TID:16276894),17310834
NON_MARKET,2026-06-24,17310886,,3,2026-06-24 13:40:45,2026-06-24 13:40:45,0.0,0.0,,,0.0,0.0,0.0,1,0,ExiCliDepBon10%(TID:16276903),17310886
BOT,2026-06-24,19555595,XAUUSD,SELL,2026-06-24 13:45:52,2026-06-24 13:53:55,0.01,0.01,4065.27,4057.51,7.76,0.0,0.0,2,88001,GOLD_PRO_TP1 | [tp 4057.49],"17310934,17310984"
BOT,2026-06-24,19555596,XAUUSD,SELL,2026-06-24 13:45:53,2026-06-24 14:06:00,0.01,0.01,4065.27,4049.72,15.55,0.0,0.0,2,88001,GOLD_PRO_TP2 | [tp 4051.29],"17310935,17311087"
BOT,2026-06-24,19555597,XAUUSD,SELL,2026-06-24 13:45:53,2026-06-24 14:14:53,0.01,0.01,4065.23,4045.07,20.16,0.0,0.0,2,88001,GOLD_PRO_TP3 | [tp 4045.10],"17310936,17311212"
BOT,2026-06-24,19555598,XAUUSD,SELL,2026-06-24 13:45:53,2026-06-24 14:04:34,0.01,0.01,4065.22,4051.89,13.33,0.0,0.0,2,88001,GOLD_PRO_TP1 | [tp 4052.28],"17310937,17311056"
BOT,2026-06-24,19555599,XAUUSD,SELL,2026-06-24 13:45:54,2026-06-24 14:15:51,0.01,0.01,4065.25,4041.25,24.0,0.0,0.0,2,88001,GOLD_PRO_TP2 | [tp 4041.91],"17310938,17311233"
BOT,2026-06-24,19555600,XAUUSD,SELL,2026-06-24 13:45:54,2026-06-24 15:25:03,0.01,0.01,4065.27,4023.68,41.59,0.0,0.0,2,88001,GOLD_PRO_TP3 | [tp 4031.54],"17310939,17311793"
BOT,2026-06-24,19555603,XAUUSD,SELL,2026-06-24 13:46:25,2026-06-24 13:53:40,0.01,0.01,4064.54,4058.33,6.21,0.0,0.0,2,88001,GOLD_PRO_TP1 | [tp 4058.39],"17310942,17310980"
BOT,2026-06-24,19555604,XAUUSD,SELL,2026-06-24 13:46:25,2026-06-24 14:04:33,0.01,0.01,4064.61,4052.92,11.69,0.0,0.0,2,88001,GOLD_PRO_TP2 | [tp 4053.52],"17310943,17311052"
BOT,2026-06-24,19555605,XAUUSD,SELL,2026-06-24 13:46:26,2026-06-24 14:06:01,0.01,0.01,4064.61,4048.72,15.89,0.0,0.0,2,88001,GOLD_PRO_TP3 | [tp 4048.64],"17310944,17311098"
BOT,2026-06-24,19555647,XAUUSD,SELL,2026-06-24 13:53:56,2026-06-24 14:06:01,0.01,0.01,4057.3,4048.72,8.58,0.0,0.0,2,88001,GOLD_PRO_TP1 | [tp 4048.94],"17310985,17311099"
BOT,2026-06-24,19555648,XAUUSD,SELL,2026-06-24 13:53:57,2026-06-24 14:15:46,0.01,0.01,4057.33,4042.12,15.21,0.0,0.0,2,88001,GOLD_PRO_TP2 | [tp 4042.31],"17310986,17311226"
BOT,2026-06-24,19555649,XAUUSD,SELL,2026-06-24 13:53:57,2026-06-24 15:08:04,0.01,0.01,4057.34,4035.86,21.48,0.0,0.0,2,88001,GOLD_PRO_TP3 | [tp 4035.67],"17310987,17311610"
BOT,2026-06-24,19555766,XAUUSD,SELL,2026-06-24 14:06:13,2026-06-24 14:15:44,0.01,0.01,4049.29,4043.31,5.98,0.0,0.0,2,88001,GOLD_PRO_TP1 | [tp 4043.34],"17311108,17311223"
BOT,2026-06-24,19555767,XAUUSD,SELL,2026-06-24 14:06:13,2026-06-24 14:16:30,0.01,0.01,4049.67,4038.38,11.29,0.0,0.0,2,88001,GOLD_PRO_TP2 | [tp 4038.48],"17311109,17311256"
BOT,2026-06-24,19555768,XAUUSD,SELL,2026-06-24 14:06:14,2026-06-24 15:24:43,0.01,0.01,4049.55,4033.55,16.0,0.0,0.0,2,88001,GOLD_PRO_TP3 | [tp 4033.62],"17311110,17311766"
BOT,2026-06-24,19555769,XAUUSD,SELL,2026-06-24 14:06:14,2026-06-24 14:16:06,0.01,0.01,4049.56,4041.03,8.53,0.0,0.0,2,88001,GOLD_PRO_TP1 | [tp 4040.86],"17311111,17311249"
BOT,2026-06-24,19555771,XAUUSD,SELL,2026-06-24 14:06:14,2026-06-24 15:24:42,0.01,0.01,4049.24,4033.9,15.34,0.0,0.0,2,88001,GOLD_PRO_TP2 | [tp 4034.03],"17311113,17311765"
BOT,2026-06-24,19555772,XAUUSD,SELL,2026-06-24 14:06:15,2026-06-24 15:25:03,0.01,0.01,4049.14,4023.68,25.46,0.0,0.0,2,88001,GOLD_PRO_TP3 | [tp 4027.19],"17311114,17311794"
BOT,2026-06-24,19555773,XAUUSD,SELL,2026-06-24 14:06:15,2026-06-24 15:08:04,0.01,0.01,4049.32,4035.98,13.34,0.0,0.0,2,88001,GOLD_PRO_TP1 | [tp 4036.28],"17311115,17311607"
BOT,2026-06-24,19555774,XAUUSD,SELL,2026-06-24 14:06:15,2026-06-24 15:25:03,0.01,0.01,4049.37,4023.68,25.69,0.0,0.0,2,88001,GOLD_PRO_TP2 | [tp 4025.90],"17311116,17311795"
BOT,2026-06-24,19555775,XAUUSD,SELL,2026-06-24 14:06:16,2026-06-24 15:25:10,0.01,0.01,4049.37,4015.54,33.83,0.0,0.0,2,88001,GOLD_PRO_TP3 | [tp 4015.52],"17311117,17311858"
BOT,2026-06-24,19556276,XAUUSD,SELL,2026-06-24 15:08:18,2026-06-24 15:25:03,0.01,0.01,4037.74,4023.68,14.06,0.0,0.0,2,88001,GOLD_PRO_TP1 | [tp 4028.22],"17311616,17311798"
BOT,2026-06-24,19556278,XAUUSD,SELL,2026-06-24 15:08:18,2026-06-24 15:25:04,0.01,0.01,4037.72,4017.91,19.81,0.0,0.0,2,88001,GOLD_PRO_TP2 | [tp 4020.37],"17311618,17311807"
BOT,2026-06-24,19556279,XAUUSD,SELL,2026-06-24 15:08:19,2026-06-24 15:25:57,0.01,0.01,4037.3,4012.18,25.12,0.0,0.0,2,88001,GOLD_PRO_TP3 | [tp 4012.53],"17311619,17311932"
BOT,2026-06-24,19556280,XAUUSD,SELL,2026-06-24 15:08:19,2026-06-24 15:25:04,0.01,0.01,4037.28,4020.61,16.67,0.0,0.0,2,88001,GOLD_PRO_TP1 | [tp 4023.22],"17311620,17311801"
BOT,2026-06-24,19556281,XAUUSD,SELL,2026-06-24 15:08:19,2026-06-24 15:25:58,0.01,0.01,4037.22,4010.05,27.17,0.0,0.0,2,88001,GOLD_PRO_TP2 | [tp 4011.39],"17311621,17311935"
BOT,2026-06-24,19556282,XAUUSD,SELL,2026-06-24 15:08:20,2026-06-24 15:56:32,0.01,0.01,4037.22,3998.54,38.68,0.0,0.0,2,88001,GOLD_PRO_TP3 | [tp 3999.55],"17311622,17312345"
BOT,2026-06-24,19556473,XAUUSD,SELL,2026-06-24 15:25:06,2026-06-24 15:25:59,0.02,0.02,4016.15,4008.77,14.76,0.0,0.0,2,88001,GOLD_PRO_TP1 | [tp 4009.60],"17311819,17311938"
BOT,2026-06-24,19556475,XAUUSD,SELL,2026-06-24 15:25:06,2026-06-24 15:49:49,0.01,0.01,4018.43,4003.61,14.82,0.0,0.0,2,88001,GOLD_PRO_TP2 | [tp 4003.58],"17311821,17312230"
BOT,2026-06-24,19556477,XAUUSD,SELL,2026-06-24 15:25:06,2026-06-24 15:56:37,0.01,0.01,4018.21,3997.19,21.02,0.0,0.0,2,88001,GOLD_PRO_TP3 | [tp 3997.56],"17311823,17312351"
BOT,2026-06-24,19556480,XAUUSD,SELL,2026-06-24 15:25:07,2026-06-24 15:49:41,0.01,0.01,4017.85,4005.88,11.97,0.0,0.0,2,88001,GOLD_PRO_TP1 | [tp 4006.03],"17311826,17312227"
BOT,2026-06-24,19556483,XAUUSD,SELL,2026-06-24 15:25:07,2026-06-24 15:56:37,0.01,0.01,4018.09,3997.19,20.9,0.0,0.0,2,88001,GOLD_PRO_TP2 | [tp 3997.15],"17311829,17312352"
BOT,2026-06-24,19556487,XAUUSD,SELL,2026-06-24 15:25:07,2026-06-24 15:59:58,0.01,0.01,4018.77,3988.3,30.47,0.0,0.0,2,88001,GOLD_PRO_TP3 | [tp 3988.28],"17311833,17312434"
BOT,2026-06-24,19556490,XAUUSD,SELL,2026-06-24 15:25:08,2026-06-24 15:51:47,0.01,0.01,4019.12,4001.19,17.93,0.0,0.0,2,88001,GOLD_PRO_TP1 | [tp 4000.75],"17311836,17312263"
BOT,2026-06-24,19556508,XAUUSD,SELL,2026-06-24 15:25:08,2026-06-24 16:00:11,0.01,0.01,4017.63,3987.31,30.32,0.0,0.0,2,88001,GOLD_PRO_TP2 | [tp 3987.66],"17311854,17312452"
BOT,2026-06-24,19556510,XAUUSD,SELL,2026-06-24 15:25:09,2026-06-24 16:01:29,0.01,0.01,4018.49,3974.61,43.88,0.0,0.0,2,88001,GOLD_PRO_TP3 | [tp 3974.57],"17311856,17312653"
BOT,2026-06-24,19556879,XAUUSD,SELL,2026-06-24 15:49:55,2026-06-24 15:58:39,0.01,0.01,4003.54,3994.04,9.5,0.0,0.0,2,88001,GOLD_PRO_TP1 | [tp 3994.16],"17312232,17312400"
BOT,2026-06-24,19556880,XAUUSD,SELL,2026-06-24 15:49:55,2026-06-24 16:00:13,0.01,0.01,4003.35,3986.84,16.51,0.0,0.0,2,88001,GOLD_PRO_TP2 | [tp 3986.70],"17312233,17312454"
BOT,2026-06-24,19556881,XAUUSD,SELL,2026-06-24 15:49:55,2026-06-24 16:01:07,0.01,0.01,4003.61,3979.21,24.4,0.0,0.0,2,88001,GOLD_PRO_TP3 | [tp 3979.24],"17312234,17312597"
BOT,2026-06-24,19557004,XAUUSD,SELL,2026-06-24 15:56:41,2026-06-24 16:00:12,0.01,0.01,3996.49,3987.24,9.25,0.0,0.0,2,88001,GOLD_PRO_TP1 | [tp 3987.18],"17312358,17312453"
BOT,2026-06-24,19557005,XAUUSD,SELL,2026-06-24 15:56:41,2026-06-24 16:00:48,0.01,0.01,3996.67,3979.49,17.18,0.0,0.0,2,88001,GOLD_PRO_TP2 | [tp 3979.58],"17312359,17312573"
BOT,2026-06-24,19557007,XAUUSD,SELL,2026-06-24 15:56:42,2026-06-24 16:11:09,0.01,0.01,3996.83,3971.75,25.08,0.0,0.0,2,88001,GOLD_PRO_TP3 | [tp 3971.99],"17312361,17312974"
BOT,2026-06-24,19557008,XAUUSD,SELL,2026-06-24 15:56:42,2026-06-24 16:00:14,0.01,0.01,3996.84,3983.72,13.12,0.0,0.0,2,88001,GOLD_PRO_TP1 | [tp 3983.80],"17312362,17312468"
BOT,2026-06-24,19557009,XAUUSD,SELL,2026-06-24 15:56:42,2026-06-24 16:01:33,0.01,0.01,3997.12,3973.21,23.91,0.0,0.0,2,88001,GOLD_PRO_TP2 | [tp 3973.51],"17312363,17312672"
BOT,2026-06-24,19557010,XAUUSD,SELL,2026-06-24 15:56:43,2026-06-24 16:42:13,0.01,0.01,3997.12,4012.34,-15.22,0.0,0.0,2,88001,GOLD_PRO_TP3 | [sl 4012.11],"17312364,17313730"
BOT,2026-06-24,19557100,XAUUSD,SELL,2026-06-24 16:00:13,2026-06-24 16:11:56,0.01,0.01,3984.01,3968.5,15.51,0.0,0.0,2,88001,GOLD_PRO_TP1 | [tp 3968.12],"17312458,17313010"
BOT,2026-06-24,19557104,XAUUSD,SELL,2026-06-24 16:00:14,2026-06-24 16:39:52,0.01,0.01,3983.79,4006.05,-22.26,0.0,0.0,2,88001,GOLD_PRO_TP2 | [sl 4005.99],"17312462,17313664"
BOT,2026-06-24,19557107,XAUUSD,SELL,2026-06-24 16:00:14,2026-06-24 16:39:52,0.01,0.01,3982.8,4006.05,-23.25,0.0,0.0,2,88001,GOLD_PRO_TP3 | [sl 4005.99],"17312465,17313665"
BOT,2026-06-24,19557352,XAUUSD,SELL,2026-06-24 16:01:45,2026-06-24 16:03:21,0.01,0.01,3972.76,3985.25,-12.49,0.0,0.0,2,88001,GOLD_PRO_TP1 | [sl 3985.10],"17312711,17312758"
BOT,2026-06-24,19557354,XAUUSD,SELL,2026-06-24 16:01:45,2026-06-24 16:03:21,0.01,0.01,3972.88,3985.24,-12.36,0.0,0.0,2,88001,GOLD_PRO_TP2 | [sl 3985.10],"17312713,17312759"
BOT,2026-06-24,19557355,XAUUSD,SELL,2026-06-24 16:01:46,2026-06-24 16:03:21,0.01,0.01,3973.89,3985.24,-11.35,0.0,0.0,2,88001,GOLD_PRO_TP3 | [sl 3985.10],"17312714,17312760"
BOT,2026-06-24,19557356,XAUUSD,SELL,2026-06-24 16:01:46,2026-06-24 16:03:31,0.01,0.01,3974.5,3990.33,-15.83,0.0,0.0,2,88001,GOLD_PRO_TP1 | [sl 3989.71],"17312715,17312772"
BOT,2026-06-24,19557357,XAUUSD,SELL,2026-06-24 16:01:47,2026-06-24 16:03:31,0.01,0.01,3974.22,3990.33,-16.11,0.0,0.0,2,88001,GOLD_PRO_TP2 | [sl 3989.71],"17312716,17312773"
BOT,2026-06-24,19557358,XAUUSD,SELL,2026-06-24 16:01:47,2026-06-24 16:03:31,0.01,0.01,3974.82,3990.33,-15.51,0.0,0.0,2,88001,GOLD_PRO_TP3 | [sl 3989.71],"17312717,17312774"
BOT,2026-06-24,19557612,XAUUSD,SELL,2026-06-24 16:11:18,2026-06-24 16:31:42,0.01,0.01,3971.15,3984.51,-13.36,0.0,0.0,2,88001,GOLD_PRO_TP1 | [sl 3984.37],"17312981,17313333"
BOT,2026-06-24,19557613,XAUUSD,SELL,2026-06-24 16:11:18,2026-06-24 16:31:42,0.01,0.01,3971.18,3984.51,-13.33,0.0,0.0,2,88001,GOLD_PRO_TP2 | [sl 3984.37],"17312982,17313334"
BOT,2026-06-24,19557614,XAUUSD,SELL,2026-06-24 16:11:18,2026-06-24 16:31:42,0.01,0.01,3971.19,3984.51,-13.32,0.0,0.0,2,88001,GOLD_PRO_TP3 | [sl 3984.37],"17312983,17313335"
BOT,2026-06-24,19557615,XAUUSD,SELL,2026-06-24 16:11:19,2026-06-24 16:32:03,0.01,0.01,3970.74,3988.21,-17.47,0.0,0.0,2,88001,GOLD_PRO_TP1 | [sl 3988.51],"17312984,17313356"
BOT,2026-06-24,19557616,XAUUSD,SELL,2026-06-24 16:11:19,2026-06-24 16:32:03,0.01,0.01,3970.73,3988.21,-17.48,0.0,0.0,2,88001,GOLD_PRO_TP2 | [sl 3988.51],"17312985,17313357"
BOT,2026-06-24,19557617,XAUUSD,SELL,2026-06-24 16:11:20,2026-06-24 16:32:03,0.01,0.01,3971.16,3988.21,-17.05,0.0,0.0,2,88001,GOLD_PRO_TP3 | [sl 3988.51],"17312986,17313358"
BOT,2026-06-24,19557618,XAUUSD,SELL,2026-06-24 16:11:20,2026-06-24 16:32:47,0.01,0.01,3971.34,3993.65,-22.31,0.0,0.0,2,88001,GOLD_PRO_TP1 | [sl 3993.45],"17312987,17313426"
BOT,2026-06-24,19557619,XAUUSD,SELL,2026-06-24 16:11:20,2026-06-24 16:32:47,0.01,0.01,3971.11,3993.65,-22.54,0.0,0.0,2,88001,GOLD_PRO_TP2 | [sl 3993.45],"17312988,17313427"
BOT,2026-06-24,19557620,XAUUSD,SELL,2026-06-24 16:11:21,2026-06-24 16:32:47,0.01,0.01,3971.11,3993.65,-22.54,0.0,0.0,2,88001,GOLD_PRO_TP3 | [sl 3993.45],"17312989,17313428"
BOT,2026-06-24,19560453,XAUUSD,SELL,2026-06-24 18:33:16,2026-06-24 20:22:39,0.01,0.01,4009.62,3997.35,12.27,0.0,0.0,2,"0,88001",GOLD_PRO_TP1,"17315856,17317362"
BOT,2026-06-24,19560454,XAUUSD,SELL,2026-06-24 18:33:16,2026-06-24 20:22:39,0.01,0.01,4009.49,3997.35,12.14,0.0,0.0,2,"0,88001",GOLD_PRO_TP2,"17315857,17317363"
BOT,2026-06-24,19560455,XAUUSD,SELL,2026-06-24 18:33:17,2026-06-24 20:22:39,0.01,0.01,4009.5,3997.35,12.15,0.0,0.0,2,"0,88001",GOLD_PRO_TP3,"17315858,17317364"
MANUAL,2026-06-24,19561376,XAUUSD,SELL,2026-06-24 19:39:44,2026-06-24 20:22:39,0.05,0.05,4019.09,3997.35,108.7,0.0,0.0,2,0,,"17316784,17317365"
MANUAL,2026-06-25,19563951,XAUUSD,SELL,2026-06-25 01:48:56,2026-06-25 02:26:47,0.05,0.05,3999.37,4000.05,-3.4,0.0,0.0,2,0,,"17319389,17319431"
MANUAL,2026-06-25,19564024,XAUUSD,SELL,2026-06-25 02:39:44,2026-06-25 03:30:13,0.05,0.05,4015.92,3994.34,107.9,0.0,0.0,2,0,,"17319454,17319537"
MANUAL,2026-06-25,19564165,XAUUSD,BUY,2026-06-25 03:49:22,2026-06-25 03:50:59,0.05,0.05,3980.74,3985.52,23.9,0.0,0.0,2,0,,"17319598,17319600"
MANUAL,2026-06-25,19564211,XAUUSD,SELL,2026-06-25 04:05:18,2026-06-25 04:10:12,0.05,0.05,3992.86,3988.63,21.15,0.0,0.0,2,0,,"17319640,17319651"
MANUAL,2026-06-25,19564215,XAUUSD,SELL,2026-06-25 04:05:58,2026-06-25 04:10:12,0.05,0.05,3997.01,3988.63,41.9,0.0,0.0,2,0,,"17319644,17319652"
MANUAL,2026-06-25,19564322,XAUUSD,BUY,2026-06-25 04:43:10,2026-06-25 05:19:40,0.05,0.05,3986.49,3980.94,-27.75,0.0,0.0,2,0,,"17319752,17319913"
MANUAL,2026-06-25,19564359,XAUUSD,BUY,2026-06-25 04:44:23,2026-06-25 05:02:16,0.05,0.05,3980.08,3981.26,5.9,0.0,0.0,2,0,,"17319789,17319825"
MANUAL,2026-06-25,19564379,XAUUSD,BUY,2026-06-25 04:58:32,2026-06-25 05:17:33,0.05,0.05,3973.39,3973.62,1.15,0.0,0.0,2,0,,"17319812,17319902"
MANUAL,2026-06-25,19564452,XAUUSD,BUY,2026-06-25 05:08:48,2026-06-25 05:19:40,0.05,0.05,3966.97,3980.94,69.85,0.0,0.0,2,0,,"17319885,17319914"
BOT,2026-06-25,19565783,XAUUSD,SELL,2026-06-25 11:00:04,2026-06-25 11:11:38,0.03,0.03,3987.39,3984.8,7.77,0.0,0.0,2,88001,GOLD_PRO_TP1 | [tp 3984.91],"17321193,17321274"
BOT,2026-06-25,19565868,XAUUSD,SELL,2026-06-25 11:12:04,2026-06-25 11:21:01,0.03,0.03,3984.55,3998.37,-41.46,0.0,0.0,2,88001,GOLD_PRO_TP1 | [sl 3998.08],"17321277,17321325"
BOT,2026-06-25,19565869,XAUUSD,SELL,2026-06-25 11:12:04,2026-06-25 11:21:01,0.02,0.02,3984.68,3998.37,-27.38,0.0,0.0,2,88001,GOLD_PRO_TP2 | [sl 3998.08],"17321278,17321326"
BOT,2026-06-25,19565915,XAUUSD,SELL,2026-06-25 11:21:03,2026-06-25 15:15:15,0.01,0.01,3997.64,3982.36,15.28,0.0,0.0,2,"0,88001",GOLD_PRO_TP1,"17321328,17322610"
BOT,2026-06-25,19567227,XAUUSD,SELL,2026-06-25 15:20:04,2026-06-25 15:20:06,0.02,0.02,3982.12,3981.86,0.52,0.0,0.0,2,88001,GOLD_PRO_TP3 | [tp 3982.01],"17322644,17322646"
BOT,2026-06-25,19567228,XAUUSD,SELL,2026-06-25 15:20:05,2026-06-25 15:47:50,0.01,0.01,3982.18,4013.24,-31.06,0.0,0.0,2,88001,GOLD_PRO_TP2 | [sl 4013.14],"17322645,17323135"
MANUAL,2026-06-25,19567547,XAUUSD,SELL,2026-06-25 15:36:09,2026-06-25 15:40:35,0.05,0.05,3993.2,3992.89,1.55,0.0,0.0,2,0,,"17322966,17323054"
MANUAL,2026-06-25,19567577,XAUUSD,SELL,2026-06-25 15:37:10,2026-06-25 16:55:30,0.05,0.05,4003.35,4003.17,0.9,0.0,0.0,2,0,,"17322998,17324258"
MANUAL,2026-06-25,19567650,XAUUSD,SELL,2026-06-25 15:42:51,2026-06-25 16:55:29,0.05,0.05,4004.28,4003.31,4.85,0.0,0.0,2,0,,"17323069,17324256"
MANUAL,2026-06-25,19567706,XAUUSD,SELL,2026-06-25 15:47:39,2026-06-25 16:55:38,0.05,0.05,4010.45,4002.7,38.75,0.0,0.0,2,0,,"17323130,17324261"
BOT,2026-06-25,19567722,XAUUSD,SELL,2026-06-25 15:48:01,2026-06-25 16:01:35,0.01,0.01,4014.32,4026.71,-12.39,0.0,0.0,2,88001,GOLD_PRO_TP1 | [sl 4026.96],"17323146,17323309"
BOT,2026-06-25,19567724,XAUUSD,SELL,2026-06-25 15:48:02,2026-06-25 16:01:35,0.01,0.01,4014.2,4026.71,-12.51,0.0,0.0,2,88001,GOLD_PRO_TP2 | [sl 4026.96],"17323148,17323310"
BOT,2026-06-25,19567725,XAUUSD,SELL,2026-06-25 15:48:02,2026-06-25 16:01:35,0.01,0.01,4013.59,4026.71,-13.12,0.0,0.0,2,88001,GOLD_PRO_TP3 | [sl 4026.96],"17323149,17323311"
MANUAL,2026-06-25,19567892,XAUUSD,SELL,2026-06-25 16:01:43,2026-06-25 16:55:59,0.05,0.05,4027.76,4004.47,116.45,0.0,0.0,2,0,,"17323316,17324270"
BOT,2026-06-25,19568611,XAUUSD,SELL,2026-06-25 16:44:55,2026-06-25 16:45:05,0.02,0.02,4011.76,4013.49,-3.46,0.0,0.0,2,88001,GOLD_PRO_TP1 | [sl 4013.14],"17324036,17324041"
BOT,2026-06-25,19568612,XAUUSD,SELL,2026-06-25 16:44:55,2026-06-25 16:45:05,0.01,0.01,4011.78,4013.49,-1.71,0.0,0.0,2,88001,GOLD_PRO_TP2 | [sl 4013.14],"17324037,17324042"
BOT,2026-06-25,19568613,XAUUSD,SELL,2026-06-25 16:44:56,2026-06-25 16:45:05,0.01,0.01,4011.73,4013.49,-1.76,0.0,0.0,2,88001,GOLD_PRO_TP3 | [sl 4013.14],"17324038,17324043"
MANUAL,2026-06-25,19568934,XAUUSD,SELL,2026-06-25 17:00:19,2026-06-25 18:12:01,0.05,0.05,4005.25,4008.37,-15.6,0.0,0.0,2,0,,"17324361,17325266"
MANUAL,2026-06-25,19569034,XAUUSD,SELL,2026-06-25 17:03:11,2026-06-25 18:12:01,0.05,0.05,4009.58,4008.37,6.05,0.0,0.0,2,0,,"17324460,17325267"
MANUAL,2026-06-25,19569062,XAUUSD,SELL,2026-06-25 17:03:45,2026-06-25 17:37:36,0.05,0.05,4017.94,4017.21,3.65,0.0,0.0,2,0,,"17324490,17325084"
MANUAL,2026-06-25,19569405,XAUUSD,SELL,2026-06-25 17:21:56,2026-06-25 18:12:01,0.05,0.05,4021.59,4008.37,66.1,0.0,0.0,2,0,,"17324831,17325268"
MANUAL,2026-06-25,19569544,XAUUSD,SELL,2026-06-25 17:28:49,2026-06-25 18:12:01,0.05,0.05,4028.02,4008.37,98.25,0.0,0.0,2,0,,"17324975,17325269"
BOT,2026-06-25,19570653,XAUUSD,BUY,2026-06-25 20:00:04,2026-06-26 01:24:34,0.01,0.01,4029.0,4020.44,-9.88,0.0,-1.32,2,88001,GOLD_PRO_TP1 | [sl 4020.46],"17326102,17327275"
BOT,2026-06-25,19570654,XAUUSD,BUY,2026-06-25 20:00:05,2026-06-26 01:24:34,0.01,0.01,4029.02,4020.44,-9.9,0.0,-1.32,2,88001,GOLD_PRO_TP2 | [sl 4020.46],"17326103,17327276"
BOT,2026-06-25,19570655,XAUUSD,BUY,2026-06-25 20:00:05,2026-06-26 01:24:34,0.01,0.01,4029.03,4020.44,-9.91,0.0,-1.32,2,88001,GOLD_PRO_TP3 | [sl 4020.46],"17326104,17327277"
BOT,2026-06-25,19570675,EURUSD,BUY,2026-06-25 20:03:11,2026-06-26 04:36:12,0.14,0.14,1.13749,1.13575,-26.58,0.0,-2.22,2,88001,GOLD_PRO_TP1 | [sl 1.13574],"17326124,17328123"
BOT,2026-06-25,19570676,EURUSD,BUY,2026-06-25 20:03:12,2026-06-26 04:36:12,0.09,0.09,1.13749,1.13575,-17.09,0.0,-1.43,2,88001,GOLD_PRO_TP2 | [sl 1.13574],"17326125,17328124"
BOT,2026-06-25,19570677,EURUSD,BUY,2026-06-25 20:03:12,2026-06-26 04:36:12,0.06,0.06,1.13749,1.13575,-11.39,0.0,-0.95,2,88001,GOLD_PRO_TP3 | [sl 1.13574],"17326126,17328125"
BOT,2026-06-25,19570678,GBPUSD,BUY,2026-06-25 20:03:36,2026-06-26 05:24:44,0.13,0.13,1.3206,1.31815,-33.79,0.0,-1.94,2,88001,GOLD_PRO_TP1 | [sl 1.31815],"17326127,17328341"
BOT,2026-06-25,19570679,GBPUSD,BUY,2026-06-25 20:03:36,2026-06-26 05:24:44,0.08,0.08,1.3206,1.31815,-20.79,0.0,-1.19,2,88001,GOLD_PRO_TP2 | [sl 1.31815],"17326128,17328342"
BOT,2026-06-25,19570680,GBPUSD,BUY,2026-06-25 20:03:36,2026-06-26 05:24:44,0.05,0.05,1.3206,1.31815,-13.0,0.0,-0.75,2,88001,GOLD_PRO_TP3 | [sl 1.31815],"17326129,17328343"
BOT,2026-06-25,19570682,BTCUSD.X,SELL,2026-06-25 20:03:52,2026-06-25 20:11:01,0.15,0.15,59118.45,59325.94,-31.12,0.0,0.0,2,88001,GOLD_PRO_TP1 | [sl 59320.85],"17326131,17326190"
BOT,2026-06-25,19570683,BTCUSD.X,SELL,2026-06-25 20:03:52,2026-06-25 20:11:01,0.09,0.09,59118.45,59325.94,-18.67,0.0,0.0,2,88001,GOLD_PRO_TP2 | [sl 59320.85],"17326132,17326191"
BOT,2026-06-25,19570684,BTCUSD.X,SELL,2026-06-25 20:03:53,2026-06-25 20:11:01,0.06,0.06,59118.45,59325.94,-12.45,0.0,0.0,2,88001,GOLD_PRO_TP3 | [sl 59320.85],"17326133,17326192"
BOT,2026-06-25,19570691,USDJPY,BUY,2026-06-25 20:05:12,2026-06-26 07:14:30,0.17,0.17,161.769,161.622,-14.95,0.0,0.51,2,"0,88001",GOLD_PRO_TP1,"17326140,17328879"
BOT,2026-06-25,19570692,USDJPY,BUY,2026-06-25 20:05:12,2026-06-26 07:14:30,0.1,0.1,161.769,161.622,-8.8,0.0,0.3,2,"0,88001",GOLD_PRO_TP2,"17326141,17328880"
BOT,2026-06-25,19570693,USDJPY,BUY,2026-06-25 20:05:13,2026-06-26 07:14:30,0.07,0.07,161.769,161.622,-6.16,0.0,0.21,2,"0,88001",GOLD_PRO_TP3,"17326142,17328881"
NON_MARKET,2026-06-25,17327162,,2,2026-06-25 23:46:48,2026-06-25 23:46:48,0.0,0.0,,,0.0,0.0,0.0,1,0,500,17327162
NON_MARKET,2026-06-25,17327163,,3,2026-06-25 23:46:48,2026-06-25 23:46:48,0.0,0.0,,,0.0,0.0,0.0,1,0,NegBonAdj(TID:16278582),17327163
MANUAL,2026-06-25,19571728,XAUUSD,BUY,2026-06-25 23:51:03,2026-06-26 02:19:52,0.05,0.05,4025.5,4024.89,-9.64,0.0,-6.59,2,0,,"17327173,17327462"
MANUAL,2026-06-26,19571948,XAUUSD,BUY,2026-06-26 01:51:27,2026-06-26 02:20:15,0.05,0.05,4022.59,4025.77,15.9,0.0,0.0,2,0,,"17327404,17327465"
MANUAL,2026-06-26,19572012,XAUUSD,SELL,2026-06-26 02:20:17,2026-06-26 02:34:36,0.05,0.05,4025.7,4022.59,15.55,0.0,0.0,2,0,,"17327466,17327510"
MANUAL,2026-06-26,19572022,XAUUSD,SELL,2026-06-26 02:24:07,2026-06-26 02:47:45,0.05,0.05,4029.21,4021.39,39.1,0.0,0.0,2,0,,"17327475,17327568"
MANUAL,2026-06-26,19572161,XAUUSD,BUY,2026-06-26 02:57:30,2026-06-26 03:13:38,0.05,0.05,4015.96,4016.74,3.9,0.0,0.0,2,0,,"17327615,17327766"
BOT,2026-06-26,19572188,BTCUSD.X,BUY,2026-06-26 03:00:30,2026-06-26 03:11:09,0.1,0.1,59764.49,59813.67,4.92,0.0,0.0,2,88001,GOLD_PRO_TP1 | [tp 59813.12],"17327640,17327726"
BOT,2026-06-26,19572189,BTCUSD.X,BUY,2026-06-26 03:00:31,2026-06-26 04:04:43,0.06,0.06,59762.93,59551.5,-12.69,0.0,0.0,2,88001,GOLD_PRO_TP2 | [sl 59552.13],"17327641,17328067"
BOT,2026-06-26,19572190,BTCUSD.X,BUY,2026-06-26 03:00:32,2026-06-26 04:04:43,0.05,0.05,59761.55,59551.5,-10.5,0.0,0.0,2,88001,GOLD_PRO_TP3 | [sl 59552.13],"17327642,17328068"
BOT,2026-06-26,19572615,BTCUSD.X,BUY,2026-06-26 04:04:51,2026-06-26 04:05:25,0.05,0.05,59584.68,59442.92,-7.09,0.0,0.0,2,88001,GOLD_PRO_TP1 | [sl 59446.21],"17328069,17328073"
BOT,2026-06-26,19572616,BTCUSD.X,BUY,2026-06-26 04:04:51,2026-06-26 04:05:25,0.05,0.05,59584.68,59442.92,-7.09,0.0,0.0,2,88001,GOLD_PRO_TP2 | [sl 59446.21],"17328070,17328074"
BOT,2026-06-26,19572617,BTCUSD.X,BUY,2026-06-26 04:04:51,2026-06-26 04:05:25,0.05,0.05,59580.56,59442.92,-6.88,0.0,0.0,2,88001,GOLD_PRO_TP3 | [sl 59446.21],"17328071,17328075"
MANUAL,2026-06-26,19572635,XAUUSD,SELL,2026-06-26 04:15:19,2026-06-26 04:27:03,0.05,0.05,4021.12,4020.26,4.3,0.0,0.0,2,0,,"17328088,17328098"
MANUAL,2026-06-26,19572636,XAUUSD,SELL,2026-06-26 04:16:05,2026-06-26 04:27:05,0.05,0.05,4023.56,4020.22,16.7,0.0,0.0,2,0,,"17328089,17328099"
MANUAL,2026-06-26,19572638,XAUUSD,SELL,2026-06-26 04:17:07,2026-06-26 04:27:07,0.05,0.05,4025.88,4020.2,28.4,0.0,0.0,2,0,,"17328091,17328100"
BOT,2026-06-26,19572642,BTCUSD.X,SELL,2026-06-26 04:25:57,2026-06-26 05:12:15,0.06,0.06,59356.8,59138.47,13.1,0.0,0.0,2,"0,88001",GOLD_PRO_TP1,"17328095,17328256"
BOT,2026-06-26,19572643,BTCUSD.X,SELL,2026-06-26 04:25:57,2026-06-26 05:12:17,0.05,0.05,59356.8,59133.16,11.18,0.0,0.0,2,"0,88001",GOLD_PRO_TP2,"17328096,17328257"
BOT,2026-06-26,19572644,BTCUSD.X,SELL,2026-06-26 04:25:58,2026-06-26 05:12:18,0.05,0.05,59357.45,59133.81,11.18,0.0,0.0,2,"0,88001",GOLD_PRO_TP3,"17328097,17328258"
MANUAL,2026-06-26,19572667,XAUUSD,SELL,2026-06-26 04:35:40,2026-06-26 04:47:23,0.05,0.05,4016.23,4016.47,-1.2,0.0,0.0,2,0,,"17328120,17328173"
MANUAL,2026-06-26,19572675,XAUUSD,SELL,2026-06-26 04:37:14,2026-06-26 04:47:25,0.05,0.05,4018.98,4017.43,7.75,0.0,0.0,2,0,,"17328128,17328174"
BOT,2026-06-26,19572679,EURUSD,SELL,2026-06-26 04:38:12,2026-06-26 07:14:30,0.07,0.07,1.13576,1.13721,-10.15,0.0,0.0,2,"0,88001",GOLD_PRO_TP1,"17328132,17328882"
BOT,2026-06-26,19572680,EURUSD,SELL,2026-06-26 04:38:12,2026-06-26 07:14:30,0.05,0.05,1.13576,1.13721,-7.25,0.0,0.0,2,"0,88001",GOLD_PRO_TP2,"17328133,17328883"
BOT,2026-06-26,19572681,EURUSD,SELL,2026-06-26 04:38:13,2026-06-26 07:14:30,0.03,0.03,1.13576,1.13721,-4.35,0.0,0.0,2,"0,88001",GOLD_PRO_TP3,"17328134,17328884"
MANUAL,2026-06-26,19572688,XAUUSD,SELL,2026-06-26 04:39:55,2026-06-26 04:44:56,0.05,0.05,4021.55,4020.85,3.5,0.0,0.0,2,0,,"17328142,17328160"
MANUAL,2026-06-26,19572695,XAUUSD,SELL,2026-06-26 04:41:17,2026-06-26 04:47:27,0.05,0.05,4023.46,4017.44,30.1,0.0,0.0,2,0,,"17328149,17328176"
MANUAL,2026-06-26,19572793,XAUUSD,BUY,2026-06-26 05:11:23,2026-06-26 07:14:30,0.05,0.05,4013.9,4009.01,-24.45,0.0,0.0,2,0,,"17328248,17328885"
BOT,2026-06-26,19572804,BTCUSD.X,SELL,2026-06-26 05:12:30,2026-06-26 05:12:39,0.08,0.08,59090.78,59070.03,1.66,0.0,0.0,2,88001,GOLD_PRO_TP2 | [tp 59115.14],"17328259,17328264"
BOT,2026-06-26,19572805,BTCUSD.X,SELL,2026-06-26 05:12:31,2026-06-26 05:12:48,0.06,0.06,59090.78,59028.46,3.74,0.0,0.0,2,88001,GOLD_PRO_TP3 | [tp 59037.38],"17328260,17328266"
BOT,2026-06-26,19572806,BTCUSD.X,SELL,2026-06-26 05:12:31,2026-06-26 05:12:39,0.07,0.07,59098.6,59070.03,2.0,0.0,0.0,2,88001,GOLD_PRO_TP1 | [tp 59110.59],"17328261,17328265"
BOT,2026-06-26,19572807,BTCUSD.X,SELL,2026-06-26 05:12:32,2026-06-26 05:12:52,0.05,0.05,59098.6,58953.0,7.28,0.0,0.0,2,88001,GOLD_PRO_TP2 | [tp 58958.85],"17328262,17328267"
BOT,2026-06-26,19572808,BTCUSD.X,SELL,2026-06-26 05:12:32,2026-06-26 05:13:32,0.05,0.05,59099.89,58798.91,15.05,0.0,0.0,2,88001,GOLD_PRO_TP3 | [tp 58807.11],"17328263,17328269"
BOT,2026-06-26,19572821,BTCUSD.X,SELL,2026-06-26 05:18:09,2026-06-26 05:20:31,0.09,0.09,58750.38,58592.11,14.24,0.0,0.0,2,88001,GOLD_PRO_TP1 | [tp 58594.59],"17328275,17328304"
BOT,2026-06-26,19572822,BTCUSD.X,SELL,2026-06-26 05:18:09,2026-06-26 05:21:25,0.06,0.06,58750.38,58473.72,16.6,0.0,0.0,2,88001,GOLD_PRO_TP2 | [tp 58478.26],"17328276,17328307"
BOT,2026-06-26,19572823,BTCUSD.X,SELL,2026-06-26 05:18:10,2026-06-26 05:23:16,0.05,0.05,58750.38,58378.79,18.58,0.0,0.0,2,"0,88001",GOLD_PRO_TP3,"17328277,17328321"
MANUAL,2026-06-26,19572835,XAUUSD,BUY,2026-06-26 05:19:48,2026-06-26 07:14:30,0.05,0.05,4010.96,4009.01,-9.75,0.0,0.0,2,0,,"17328291,17328886"
MANUAL,2026-06-26,19572866,XAUUSD,BUY,2026-06-26 05:23:52,2026-06-26 07:12:12,0.05,0.05,4007.52,4006.47,-5.25,0.0,0.0,2,0,,"17328322,17328867"
BOT,2026-06-26,19572888,GBPUSD,SELL,2026-06-26 05:24:45,2026-06-26 07:14:30,0.07,0.07,1.31815,1.31997,-12.74,0.0,0.0,2,"0,88001",GOLD_PRO_TP1,"17328344,17328887"
BOT,2026-06-26,19572889,GBPUSD,SELL,2026-06-26 05:24:46,2026-06-26 07:14:30,0.04,0.04,1.31815,1.31997,-7.28,0.0,0.0,2,"0,88001",GOLD_PRO_TP2,"17328345,17328888"
BOT,2026-06-26,19572890,GBPUSD,SELL,2026-06-26 05:24:46,2026-06-26 07:14:30,0.03,0.03,1.31815,1.31997,-5.46,0.0,0.0,2,"0,88001",GOLD_PRO_TP3,"17328346,17328889"
BOT,2026-06-26,19572930,BTCUSD.X,SELL,2026-06-26 05:30:21,2026-06-26 05:52:37,0.05,0.05,58901.92,58582.18,15.99,0.0,0.0,2,"0,88001",GOLD_PRO_TP1,"17328386,17328559"
BOT,2026-06-26,19572931,BTCUSD.X,SELL,2026-06-26 05:30:22,2026-06-26 05:52:36,0.05,0.05,58901.92,58592.31,15.48,0.0,0.0,2,"0,88001",GOLD_PRO_TP2,"17328387,17328558"
BOT,2026-06-26,19572932,BTCUSD.X,SELL,2026-06-26 05:30:22,2026-06-26 05:52:34,0.05,0.05,58888.37,58602.04,14.32,0.0,0.0,2,"0,88001",GOLD_PRO_TP3,"17328388,17328557"
MANUAL,2026-06-26,19572987,XAUUSD,BUY,2026-06-26 05:33:23,2026-06-26 06:55:13,0.05,0.05,4002.47,4002.84,1.85,0.0,0.0,2,0,,"17328445,17328822"
MANUAL,2026-06-26,19573021,XAUUSD,BUY,2026-06-26 05:37:41,2026-06-26 06:11:33,0.05,0.05,3996.57,3997.41,4.2,0.0,0.0,2,0,,"17328483,17328732"
MANUAL,2026-06-26,19573053,XAUUSD,BUY,2026-06-26 05:41:52,2026-06-26 07:14:30,0.05,0.05,3992.81,4009.01,81.0,0.0,0.0,2,0,,"17328517,17328890"
BOT,2026-06-26,19573094,BTCUSD.X,SELL,2026-06-26 05:52:47,2026-06-26 06:02:10,0.05,0.05,58504.27,58363.23,7.05,0.0,0.0,2,88001,GOLD_PRO_TP1 | [tp 58364.19],"17328560,17328686"
BOT,2026-06-26,19573095,BTCUSD.X,SELL,2026-06-26 05:52:47,2026-06-26 06:10:33,0.05,0.05,58497.34,58815.0,-15.88,0.0,0.0,2,88001,GOLD_PRO_TP2 | [sl 58813.89],"17328561,17328718"
BOT,2026-06-26,19573096,BTCUSD.X,SELL,2026-06-26 05:52:48,2026-06-26 06:10:33,0.05,0.05,58496.47,58815.0,-15.93,0.0,0.0,2,88001,GOLD_PRO_TP3 | [sl 58813.89],"17328562,17328719"
MANUAL,2026-06-26,19573122,XAUUSD,BUY,2026-06-26 05:53:44,2026-06-26 07:14:30,0.05,0.05,3987.4,4009.01,108.05,0.0,0.0,2,0,,"17328588,17328891"
BOT,2026-06-26,19573255,BTCUSD.X,SELL,2026-06-26 06:10:33,2026-06-26 06:10:47,0.05,0.05,58765.4,58871.08,-5.28,0.0,0.0,2,88001,GOLD_PRO_TP1 | [sl 58868.82],"17328720,17328728"
BOT,2026-06-26,19573256,BTCUSD.X,SELL,2026-06-26 06:10:34,2026-06-26 06:10:47,0.05,0.05,58766.03,58871.08,-5.25,0.0,0.0,2,88001,GOLD_PRO_TP2 | [sl 58868.82],"17328721,17328729"
BOT,2026-06-26,19573257,BTCUSD.X,SELL,2026-06-26 06:10:34,2026-06-26 06:10:47,0.05,0.05,58766.03,58871.08,-5.25,0.0,0.0,2,88001,GOLD_PRO_TP3 | [sl 58868.82],"17328722,17328730"
BOT,2026-06-26,19573308,BTCUSD.X,SELL,2026-06-26 06:34:30,2026-06-26 06:39:14,0.05,0.05,59136.9,59506.04,-18.46,0.0,0.0,2,88001,GOLD_PRO_TP1 | [sl 59505.33],"17328770,17328783"
BOT,2026-06-26,19573309,BTCUSD.X,SELL,2026-06-26 06:34:30,2026-06-26 06:39:14,0.05,0.05,59135.42,59506.04,-18.53,0.0,0.0,2,88001,GOLD_PRO_TP2 | [sl 59505.33],"17328771,17328784"
BOT,2026-06-26,19573310,BTCUSD.X,SELL,2026-06-26 06:34:30,2026-06-26 06:39:14,0.05,0.05,59135.42,59506.04,-18.53,0.0,0.0,2,88001,GOLD_PRO_TP3 | [sl 59505.33],"17328772,17328785"
BOT,2026-06-26,19573326,BTCUSD.X,BUY,2026-06-26 06:39:19,2026-06-26 06:45:11,0.05,0.05,59445.13,59450.91,0.29,0.0,0.0,2,88001,GOLD_PRO_TP2 | [tp 59449.30],"17328787,17328799"
BOT,2026-06-26,19573327,BTCUSD.X,BUY,2026-06-26 06:39:20,2026-06-26 06:45:43,0.05,0.05,59446.31,59608.61,8.12,0.0,0.0,2,88001,GOLD_PRO_TP3 | [tp 59599.68],"17328788,17328800"
BOT,2026-06-26,19573339,BTCUSD.X,BUY,2026-06-26 06:46:10,2026-06-26 06:46:20,0.05,0.05,59619.31,59600.92,-0.92,0.0,0.0,2,88001,GOLD_PRO_TP3 | [tp 59599.68],"17328801,17328802"
BOT,2026-06-26,19573341,BTCUSD.X,BUY,2026-06-26 06:46:56,2026-06-26 06:47:03,0.05,0.05,59639.22,59602.81,-1.82,0.0,0.0,2,88001,GOLD_PRO_TP3 | [tp 59599.68],"17328803,17328804"
BOT,2026-06-26,19573345,BTCUSD.X,BUY,2026-06-26 06:48:58,2026-06-26 06:49:02,0.05,0.05,59631.38,59605.91,-1.27,0.0,0.0,2,88001,GOLD_PRO_TP3 | [tp 59599.68],"17328807,17328808"
BOT,2026-06-26,19573347,BTCUSD.X,BUY,2026-06-26 06:49:58,2026-06-26 06:56:05,0.06,0.06,59684.92,59855.22,10.22,0.0,0.0,2,88001,GOLD_PRO_TP1 | [tp 59809.79],"17328809,17328828"
BOT,2026-06-26,19573348,BTCUSD.X,BUY,2026-06-26 06:49:59,2026-06-26 06:56:14,0.05,0.05,59684.92,59990.14,15.26,0.0,0.0,2,88001,GOLD_PRO_TP2 | [tp 59970.00],"17328810,17328829"
BOT,2026-06-26,19573349,BTCUSD.X,BUY,2026-06-26 06:49:59,2026-06-26 07:14:30,0.05,0.05,59684.92,59826.72,7.09,0.0,0.0,2,"0,88001",GOLD_PRO_TP3,"17328811,17328892"
BOT,2026-06-26,19573430,EURUSD,BUY,2026-06-26 07:14:36,2026-06-26 10:48:17,0.08,0.08,1.13718,1.13847,10.32,0.0,0.0,2,"0,88001",GOLD_PRO_TP1,"17328893,17329960"
BOT,2026-06-26,19573432,EURUSD,BUY,2026-06-26 07:14:36,2026-06-26 10:48:17,0.05,0.05,1.13718,1.13847,6.45,0.0,0.0,2,"0,88001",GOLD_PRO_TP2,"17328895,17329961"
BOT,2026-06-26,19573433,EURUSD,BUY,2026-06-26 07:14:37,2026-06-26 10:48:17,0.04,0.04,1.13718,1.13847,5.16,0.0,0.0,2,"0,88001",GOLD_PRO_TP3,"17328896,17329962"
BOT,2026-06-26,19573434,GBPUSD,BUY,2026-06-26 07:14:37,2026-06-26 10:48:17,0.07,0.07,1.31992,1.32054,4.34,0.0,0.0,2,"0,88001",GOLD_PRO_TP1,"17328897,17329963"
BOT,2026-06-26,19573435,GBPUSD,BUY,2026-06-26 07:14:37,2026-06-26 10:48:17,0.05,0.05,1.31993,1.32054,3.05,0.0,0.0,2,"0,88001",GOLD_PRO_TP2,"17328898,17329964"
BOT,2026-06-26,19573436,GBPUSD,BUY,2026-06-26 07:14:38,2026-06-26 10:48:17,0.03,0.03,1.31993,1.32054,1.83,0.0,0.0,2,"0,88001",GOLD_PRO_TP3,"17328899,17329965"
BOT,2026-06-26,19573438,USDJPY,SELL,2026-06-26 07:14:53,2026-06-26 21:59:15,0.09,0.09,161.623,161.735,-6.23,0.0,0.0,2,"0,88001",GOLD_PRO_TP1,"17328901,17335234"
BOT,2026-06-26,19573439,USDJPY,SELL,2026-06-26 07:14:54,2026-06-26 21:59:15,0.06,0.06,161.623,161.735,-4.16,0.0,0.0,2,"0,88001",GOLD_PRO_TP2,"17328902,17335235"
BOT,2026-06-26,19573440,USDJPY,SELL,2026-06-26 07:14:54,2026-06-26 21:59:15,0.04,0.04,161.625,161.735,-2.72,0.0,0.0,2,"0,88001",GOLD_PRO_TP3,"17328903,17335236"
BOT,2026-06-26,19573441,BTCUSD.X,BUY,2026-06-26 07:14:55,2026-06-26 07:16:26,0.07,0.07,59887.06,59971.71,5.93,0.0,0.0,2,88001,GOLD_PRO_TP1 | [tp 59970.90],"17328904,17328911"
BOT,2026-06-26,19573442,BTCUSD.X,BUY,2026-06-26 07:14:55,2026-06-26 07:17:36,0.05,0.05,59887.06,60145.42,12.92,0.0,0.0,2,88001,GOLD_PRO_TP2 | [tp 60130.84],"17328905,17328913"
BOT,2026-06-26,19573443,BTCUSD.X,BUY,2026-06-26 07:14:55,2026-06-26 09:44:08,0.05,0.05,59887.06,60323.28,21.81,0.0,0.0,2,88001,GOLD_PRO_TP3 | [tp 60290.77],"17328906,17329591"
BOT,2026-06-26,19574106,BTCUSD.X,BUY,2026-06-26 09:44:18,2026-06-26 10:14:37,0.05,0.05,60345.84,60443.02,4.86,0.0,0.0,2,88001,GOLD_PRO_TP2 | [tp 60442.25],"17329592,17329768"
BOT,2026-06-26,19574107,BTCUSD.X,BUY,2026-06-26 09:44:18,2026-06-26 10:40:00,0.05,0.05,60345.84,60665.24,15.97,0.0,0.0,2,88001,GOLD_PRO_TP3 | [tp 60658.99],"17329593,17329917"
BOT,2026-06-26,19574435,BTCUSD.X,BUY,2026-06-26 10:40:11,2026-06-26 12:33:47,0.05,0.05,60709.9,59991.34,-35.93,0.0,0.0,2,88001,GOLD_PRO_TP3 | [sl 59994.91],"17329920,17330694"
BOT,2026-06-26,19574436,BTCUSD.X,BUY,2026-06-26 10:40:12,2026-06-26 10:47:40,0.12,0.12,60709.9,60435.57,-32.92,0.0,0.0,2,88001,GOLD_PRO_TP1 | [sl 60435.88],"17329921,17329955"
BOT,2026-06-26,19574437,BTCUSD.X,BUY,2026-06-26 10:40:12,2026-06-26 10:47:40,0.08,0.08,60700.15,60435.57,-21.17,0.0,0.0,2,88001,GOLD_PRO_TP2 | [sl 60435.88],"17329922,17329956"
BOT,2026-06-26,19574438,BTCUSD.X,BUY,2026-06-26 10:40:13,2026-06-26 10:47:40,0.05,0.05,60700.15,60435.57,-13.23,0.0,0.0,2,88001,GOLD_PRO_TP3 | [sl 60435.88],"17329923,17329957"
BOT,2026-06-26,19574476,EURUSD,BUY,2026-06-26 10:48:19,2026-06-26 11:44:27,0.08,0.08,1.13862,1.14029,13.36,0.0,0.0,2,88001,GOLD_PRO_TP1 | [tp 1.14027],"17329966,17330200"
BOT,2026-06-26,19574477,EURUSD,BUY,2026-06-26 10:48:19,2026-06-26 15:03:18,0.05,0.05,1.13862,1.13988,6.3,0.0,0.0,2,"0,88001",GOLD_PRO_TP2,"17329967,17331570"
BOT,2026-06-26,19574478,EURUSD,BUY,2026-06-26 10:48:20,2026-06-26 15:03:18,0.04,0.04,1.13862,1.13988,5.04,0.0,0.0,2,"0,88001",GOLD_PRO_TP3,"17329968,17331571"
BOT,2026-06-26,19574479,GBPUSD,BUY,2026-06-26 10:48:20,2026-06-26 12:40:18,0.07,0.07,1.32078,1.32219,9.87,0.0,0.0,2,88001,GOLD_PRO_TP1 | [tp 1.32220],"17329969,17330773"
BOT,2026-06-26,19574480,GBPUSD,BUY,2026-06-26 10:48:20,2026-06-26 15:03:18,0.05,0.05,1.32078,1.32168,4.5,0.0,0.0,2,"0,88001",GOLD_PRO_TP2,"17329970,17331572"
BOT,2026-06-26,19574481,GBPUSD,BUY,2026-06-26 10:48:21,2026-06-26 15:03:18,0.03,0.03,1.32078,1.32168,2.7,0.0,0.0,2,"0,88001",GOLD_PRO_TP3,"17329971,17331573"
BOT,2026-06-26,19574532,XAUUSD,BUY,2026-06-26 11:00:08,2026-06-26 14:00:10,0.01,0.01,4032.37,4054.96,22.59,0.0,0.0,2,88001,GOLD_PRO_TP1 | [tp 4055.17],"17330026,17331251"
BOT,2026-06-26,19574534,XAUUSD,BUY,2026-06-26 11:00:08,2026-06-26 14:52:25,0.01,0.01,4032.38,4042.75,10.37,0.0,0.0,2,88001,GOLD_PRO_TP2 | [sl 4042.95],"17330028,17331533"
BOT,2026-06-26,19574535,XAUUSD,BUY,2026-06-26 11:00:08,2026-06-26 15:03:18,0.01,0.01,4032.23,4044.75,12.52,0.0,0.0,2,"0,88001",GOLD_PRO_TP3,"17330029,17331574"
BOT,2026-06-26,19575193,BTCUSD.X,SELL,2026-06-26 12:34:04,2026-06-26 12:35:17,0.17,0.17,59985.79,60085.47,-16.95,0.0,0.0,2,88001,GOLD_PRO_TP1 | [sl 60081.24],"17330695,17330705"
BOT,2026-06-26,19575194,BTCUSD.X,SELL,2026-06-26 12:34:04,2026-06-26 12:35:17,0.1,0.1,59985.79,60085.47,-9.97,0.0,0.0,2,88001,GOLD_PRO_TP2 | [sl 60081.24],"17330696,17330706"
BOT,2026-06-26,19575195,BTCUSD.X,SELL,2026-06-26 12:34:05,2026-06-26 12:35:17,0.07,0.07,59985.79,60085.47,-6.98,0.0,0.0,2,88001,GOLD_PRO_TP3 | [sl 60081.24],"17330697,17330707"
BOT,2026-06-26,19575329,BTCUSD.X,SELL,2026-06-26 12:49:23,2026-06-26 12:51:49,0.16,0.16,59787.75,59671.56,18.59,0.0,0.0,2,88001,GOLD_PRO_TP1 | [tp 59678.28],"17330835,17330843"
BOT,2026-06-26,19575330,BTCUSD.X,SELL,2026-06-26 12:49:23,2026-06-26 12:52:18,0.1,0.1,59790.05,59599.2,19.09,0.0,0.0,2,88001,GOLD_PRO_TP2 | [tp 59606.56],"17330836,17330847"
BOT,2026-06-26,19575331,BTCUSD.X,SELL,2026-06-26 12:49:23,2026-06-26 13:39:22,0.07,0.07,59790.04,59522.84,18.7,0.0,0.0,2,88001,GOLD_PRO_TP3 | [tp 59534.84],"17330837,17331135"
BOT,2026-06-26,19575626,BTCUSD.X,SELL,2026-06-26 13:39:32,2026-06-26 13:47:26,0.05,0.05,59397.4,59356.06,2.07,0.0,0.0,2,88001,GOLD_PRO_TP1 | [tp 59362.48],"17331136,17331192"
BOT,2026-06-26,19575627,BTCUSD.X,SELL,2026-06-26 13:39:33,2026-06-26 15:03:18,0.05,0.05,59397.4,59344.89,2.63,0.0,0.0,2,"0,88001",GOLD_PRO_TP2,"17331137,17331575"
BOT,2026-06-26,19575628,BTCUSD.X,SELL,2026-06-26 13:39:33,2026-06-26 15:03:18,0.05,0.05,59391.36,59344.89,2.32,0.0,0.0,2,"0,88001",GOLD_PRO_TP3,"17331138,17331576"
BOT,2026-06-26,19576053,XAUUSD,BUY,2026-06-26 15:03:29,2026-06-26 15:41:20,0.01,0.01,4045.32,4041.05,-4.27,0.0,0.0,2,88001,GOLD_PRO_TP1 | [sl 4041.09],"17331578,17331862"
BOT,2026-06-26,19576054,XAUUSD,BUY,2026-06-26 15:03:30,2026-06-26 15:41:20,0.01,0.01,4045.32,4041.05,-4.27,0.0,0.0,2,88001,GOLD_PRO_TP2 | [sl 4041.09],"17331579,17331865"
BOT,2026-06-26,19576055,XAUUSD,BUY,2026-06-26 15:03:30,2026-06-26 15:41:20,0.01,0.01,4045.32,4041.05,-4.27,0.0,0.0,2,88001,GOLD_PRO_TP3 | [sl 4041.09],"17331580,17331867"
BOT,2026-06-26,19576056,GBPUSD,BUY,2026-06-26 15:03:31,2026-06-26 21:59:15,0.08,0.08,1.32187,1.32003,-14.72,0.0,0.0,2,"0,88001",GOLD_PRO_TP1,"17331581,17335237"
BOT,2026-06-26,19576057,GBPUSD,BUY,2026-06-26 15:03:31,2026-06-26 21:59:15,0.05,0.05,1.32187,1.32003,-9.2,0.0,0.0,2,"0,88001",GOLD_PRO_TP2,"17331582,17335238"
BOT,2026-06-26,19576058,GBPUSD,BUY,2026-06-26 15:03:31,2026-06-26 21:59:15,0.03,0.03,1.32187,1.32003,-5.52,0.0,0.0,2,"0,88001",GOLD_PRO_TP3,"17331583,17335239"
BOT,2026-06-26,19576060,EURUSD,BUY,2026-06-26 15:03:47,2026-06-26 15:57:37,0.09,0.09,1.14005,1.14259,22.86,0.0,0.0,2,88001,GOLD_PRO_TP1 | [tp 1.14248],"17331585,17332115"
BOT,2026-06-26,19576061,EURUSD,BUY,2026-06-26 15:03:47,2026-06-26 16:07:56,0.06,0.06,1.14008,1.14243,14.1,0.0,0.0,2,"0,88001",GOLD_PRO_TP2,"17331586,17332318"
BOT,2026-06-26,19576062,EURUSD,BUY,2026-06-26 15:03:48,2026-06-26 16:07:57,0.04,0.04,1.14008,1.14242,9.36,0.0,0.0,2,"0,88001",GOLD_PRO_TP3,"17331587,17332319"
BOT,2026-06-26,19576063,BTCUSD.X,SELL,2026-06-26 15:03:48,2026-06-26 15:04:04,0.15,0.15,59303.28,59399.71,-14.46,0.0,0.0,2,88001,GOLD_PRO_TP1 | [sl 59396.72],"17331588,17331594"
BOT,2026-06-26,19576064,BTCUSD.X,SELL,2026-06-26 15:03:49,2026-06-26 15:04:04,0.09,0.09,59306.83,59399.71,-8.36,0.0,0.0,2,88001,GOLD_PRO_TP2 | [sl 59396.72],"17331589,17331595"
BOT,2026-06-26,19576065,BTCUSD.X,SELL,2026-06-26 15:03:49,2026-06-26 15:04:04,0.06,0.06,59306.83,59399.71,-5.57,0.0,0.0,2,88001,GOLD_PRO_TP3 | [sl 59396.72],"17331590,17331596"
BOT,2026-06-26,19576073,BTCUSD.X,SELL,2026-06-26 15:04:20,2026-06-26 15:15:56,0.08,0.08,59342.03,59527.61,-14.85,0.0,0.0,2,88001,GOLD_PRO_TP1 | [sl 59512.25],"17331598,17331650"
BOT,2026-06-26,19576074,BTCUSD.X,SELL,2026-06-26 15:04:20,2026-06-26 15:15:56,0.05,0.05,59342.03,59527.61,-9.28,0.0,0.0,2,88001,GOLD_PRO_TP2 | [sl 59512.25],"17331599,17331651"
BOT,2026-06-26,19576075,BTCUSD.X,SELL,2026-06-26 15:04:20,2026-06-26 15:15:56,0.05,0.05,59341.54,59527.61,-9.3,0.0,0.0,2,88001,GOLD_PRO_TP3 | [sl 59512.25],"17331600,17331652"
BOT,2026-06-26,19576133,BTCUSD.X,SELL,2026-06-26 15:16:07,2026-06-26 15:33:14,0.05,0.05,59494.21,59826.42,-16.61,0.0,0.0,2,88001,GOLD_PRO_TP1 | [sl 59821.99],"17331654,17331778"
BOT,2026-06-26,19576134,BTCUSD.X,SELL,2026-06-26 15:16:08,2026-06-26 15:33:14,0.05,0.05,59494.21,59826.42,-16.61,0.0,0.0,2,88001,GOLD_PRO_TP2 | [sl 59821.99],"17331655,17331779"
BOT,2026-06-26,19576135,BTCUSD.X,SELL,2026-06-26 15:16:08,2026-06-26 15:33:14,0.05,0.05,59494.21,59826.42,-16.61,0.0,0.0,2,88001,GOLD_PRO_TP3 | [sl 59821.99],"17331656,17331780"
BOT,2026-06-26,19576263,BTCUSD.X,BUY,2026-06-26 15:33:29,2026-06-26 15:33:50,0.14,0.14,59799.01,59858.35,8.31,0.0,0.0,2,88001,GOLD_PRO_TP1 | [tp 59849.31],"17331781,17331786"
BOT,2026-06-26,19576264,BTCUSD.X,BUY,2026-06-26 15:33:29,2026-06-26 15:38:23,0.09,0.09,59799.01,59355.95,-39.88,0.0,0.0,2,88001,GOLD_PRO_TP2 | [sl 59356.98],"17331782,17331836"
BOT,2026-06-26,19576265,BTCUSD.X,BUY,2026-06-26 15:33:30,2026-06-26 15:38:11,0.06,0.06,59803.82,59423.08,-22.84,0.0,0.0,2,88001,GOLD_PRO_TP3 | [sl 59433.25],"17331783,17331835"
MANUAL,2026-06-26,19576433,XAUUSD,BUY,2026-06-26 15:44:08,2026-06-26 15:46:22,0.05,0.05,4036.82,4041.79,24.85,0.0,0.0,2,0,,"17331955,17331989"
BOT,2026-06-26,19576437,BTCUSD.X,SELL,2026-06-26 15:44:38,2026-06-26 15:46:07,0.05,0.05,59116.47,59476.25,-17.99,0.0,0.0,2,88001,GOLD_PRO_TP1 | [sl 59433.49],"17331959,17331986"
BOT,2026-06-26,19576438,BTCUSD.X,SELL,2026-06-26 15:44:38,2026-06-26 15:46:07,0.05,0.05,59113.27,59476.25,-18.15,0.0,0.0,2,88001,GOLD_PRO_TP2 | [sl 59433.49],"17331960,17331987"
BOT,2026-06-26,19576439,BTCUSD.X,SELL,2026-06-26 15:44:39,2026-06-26 15:46:07,0.05,0.05,59113.27,59476.25,-18.15,0.0,0.0,2,88001,GOLD_PRO_TP3 | [sl 59433.49],"17331961,17331988"
BOT,2026-06-26,19576634,XAUUSD,BUY,2026-06-26 15:57:56,2026-06-26 15:58:01,0.01,0.01,4056.19,4054.5,-1.69,0.0,0.0,2,88001,GOLD_PRO_TP1 | [sl 4054.66],"17332157,17332164"
BOT,2026-06-26,19576637,XAUUSD,BUY,2026-06-26 15:57:56,2026-06-26 15:58:01,0.01,0.01,4056.09,4054.5,-1.59,0.0,0.0,2,88001,GOLD_PRO_TP2 | [sl 4054.66],"17332160,17332165"
BOT,2026-06-26,19576638,XAUUSD,BUY,2026-06-26 15:57:56,2026-06-26 15:58:01,0.01,0.01,4056.19,4054.5,-1.69,0.0,0.0,2,88001,GOLD_PRO_TP3 | [sl 4054.66],"17332161,17332166"
MANUAL,2026-06-26,19576720,XAUUSD,SELL,2026-06-26 16:01:38,2026-06-26 16:07:53,0.05,0.05,4053.85,4048.81,25.2,0.0,0.0,2,0,,"17332256,17332316"
BOT,2026-06-26,19576782,EURUSD,BUY,2026-06-26 16:08:03,2026-06-26 17:53:19,0.08,0.08,1.14255,1.14066,-15.12,0.0,0.0,2,88001,GOLD_PRO_TP1 | [sl 1.14067],"17332321,17333834"
BOT,2026-06-26,19576783,EURUSD,BUY,2026-06-26 16:08:03,2026-06-26 17:53:19,0.05,0.05,1.14255,1.14066,-9.45,0.0,0.0,2,88001,GOLD_PRO_TP2 | [sl 1.14067],"17332322,17333835"
BOT,2026-06-26,19576784,EURUSD,BUY,2026-06-26 16:08:04,2026-06-26 17:53:19,0.04,0.04,1.14255,1.14066,-7.56,0.0,0.0,2,88001,GOLD_PRO_TP3 | [sl 1.14067],"17332323,17333836"
BOT,2026-06-26,19576980,XAUUSD,BUY,2026-06-26 16:21:33,2026-06-26 16:21:39,0.01,0.01,4057.77,4055.9,-1.87,0.0,0.0,2,88001,GOLD_PRO_TP1 | [sl 4055.94],"17332524,17332528"
BOT,2026-06-26,19576981,XAUUSD,BUY,2026-06-26 16:21:34,2026-06-26 16:21:39,0.01,0.01,4057.89,4055.9,-1.99,0.0,0.0,2,88001,GOLD_PRO_TP2 | [sl 4055.94],"17332525,17332529"
BOT,2026-06-26,19576982,XAUUSD,BUY,2026-06-26 16:21:34,2026-06-26 16:21:39,0.01,0.01,4057.82,4055.9,-1.92,0.0,0.0,2,88001,GOLD_PRO_TP3 | [sl 4055.94],"17332526,17332530"
BOT,2026-06-26,19577049,XAUUSD,BUY,2026-06-26 16:27:24,2026-06-26 16:28:20,0.01,0.01,4055.28,4054.51,-0.77,0.0,0.0,2,88001,GOLD_PRO_TP1 | [sl 4054.66],"17332596,17332606"
BOT,2026-06-26,19577050,XAUUSD,BUY,2026-06-26 16:27:24,2026-06-26 16:28:20,0.01,0.01,4055.35,4054.51,-0.84,0.0,0.0,2,88001,GOLD_PRO_TP2 | [sl 4054.66],"17332597,17332607"
BOT,2026-06-26,19577051,XAUUSD,BUY,2026-06-26 16:27:25,2026-06-26 16:28:20,0.01,0.01,4055.4,4054.51,-0.89,0.0,0.0,2,88001,GOLD_PRO_TP3 | [sl 4054.66],"17332598,17332608"
MANUAL,2026-06-26,19577241,XAUUSD,BUY,2026-06-26 16:37:35,2026-06-26 16:42:19,0.05,0.05,4047.15,4056.01,44.3,0.0,0.0,2,0,,"17332793,17332857"
MANUAL,2026-06-26,19577373,XAUUSD,SELL,2026-06-26 16:43:46,2026-06-26 21:59:15,0.05,0.05,4060.34,4067.95,-38.05,0.0,0.0,2,0,,"17332926,17335240"
MANUAL,2026-06-26,19577446,XAUUSD,SELL,2026-06-26 16:47:13,2026-06-26 21:59:15,0.05,0.05,4063.07,4067.95,-24.4,0.0,0.0,2,0,,"17332997,17335241"
BOT,2026-06-26,19577448,XAUUSD,BUY,2026-06-26 16:47:16,2026-06-26 16:47:56,0.02,0.02,4062.93,4061.49,-2.88,0.0,0.0,2,88001,GOLD_PRO_TP1 | [sl 4062.45],"17332999,17333021"
BOT,2026-06-26,19577449,XAUUSD,BUY,2026-06-26 16:47:16,2026-06-26 16:47:56,0.01,0.01,4062.93,4061.49,-1.44,0.0,0.0,2,88001,GOLD_PRO_TP2 | [sl 4062.45],"17333000,17333022"
BOT,2026-06-26,19577451,XAUUSD,BUY,2026-06-26 16:47:17,2026-06-26 16:47:56,0.01,0.01,4062.92,4061.49,-1.43,0.0,0.0,2,88001,GOLD_PRO_TP3 | [sl 4062.45],"17333002,17333023"
MANUAL,2026-06-26,19577494,XAUUSD,SELL,2026-06-26 16:50:36,2026-06-26 21:59:15,0.05,0.05,4064.8,4067.95,-15.75,0.0,0.0,2,0,,"17333048,17335242"
MANUAL,2026-06-26,19577511,XAUUSD,SELL,2026-06-26 16:50:58,2026-06-26 21:59:15,0.05,0.05,4067.39,4067.95,-2.8,0.0,0.0,2,0,,"17333065,17335243"
MANUAL,2026-06-26,19577602,XAUUSD,SELL,2026-06-26 16:56:40,2026-06-26 20:32:58,0.05,0.05,4068.98,4077.73,-43.75,0.0,0.0,2,0,,"17333159,17334855"
MANUAL,2026-06-26,19577638,XAUUSD,SELL,2026-06-26 16:57:33,2026-06-26 20:32:55,0.05,0.05,4075.11,4077.66,-12.75,0.0,0.0,2,0,,"17333196,17334854"
MANUAL,2026-06-26,19577735,XAUUSD,SELL,2026-06-26 17:05:13,2026-06-26 20:32:53,0.05,0.05,4076.98,4077.72,-3.7,0.0,0.0,2,0,,"17333299,17334852"
MANUAL,2026-06-26,19577817,XAUUSD,SELL,2026-06-26 17:12:39,2026-06-26 21:59:15,0.05,0.05,4083.88,4067.95,79.65,0.0,0.0,2,0,,"17333381,17335244"
MANUAL,2026-06-26,19578612,XAUUSD,SELL,2026-06-26 18:38:31,2026-06-26 21:59:15,0.05,0.05,4089.44,4067.95,107.45,0.0,0.0,2,0,,"17334196,17335245"
NON_MARKET,2026-06-26,17334291,,2,2026-06-26 18:44:13,2026-06-26 18:44:13,0.0,0.0,,,0.0,0.0,0.0,1,0,Tra(TID:16279938),17334291
NON_MARKET,2026-06-26,17335510,,2,2026-06-26 22:54:16,2026-06-26 22:54:16,0.0,0.0,,,0.0,0.0,0.0,1,0,500,17335510
